id,firstname,lastname,email,email2,profession
100,Sissy,Jena,Sissy.Jena@yopmail.com,Sissy.Jena@gmail.com,worker
101,Glenda,Lowry,Glenda.Lowry@yopmail.com,Glenda.Lowry@gmail.com,developer
102,Sherrie,Cornelia,Sherrie.Cornelia@yopmail.com,Sherrie.Cornelia@gmail.com,police officer
103,Daryl,Pierette,Daryl.Pierette@yopmail.com,Daryl.Pierette@gmail.com,firefighter
104,Sibella,Wittie,Sibella.Wittie@yopmail.com,Sibella.Wittie@gmail.com,worker
105,Kaia,Wu,Kaia.Wu@yopmail.com,Kaia.Wu@gmail.com,firefighter
106,Gusella,Moseley,Gusella.Moseley@yopmail.com,Gusella.Moseley@gmail.com,developer
107,Shell,Gabrielli,Shell.Gabrielli@yopmail.com,Shell.Gabrielli@gmail.com,doctor
108,Loree,Percy,Loree.Percy@yopmail.com,Loree.Percy@gmail.com,doctor
109,Devina,Rad,Devina.Rad@yopmail.com,Devina.Rad@gmail.com,firefighter
110,Tybie,Mullane,Tybie.Mullane@yopmail.com,Tybie.Mullane@gmail.com,firefighter
111,Perry,Aaberg,Perry.Aaberg@yopmail.com,Perry.Aaberg@gmail.com,worker
112,Nessie,Podvin,Nessie.Podvin@yopmail.com,Nessie.Podvin@gmail.com,firefighter
113,Darci,Plato,Darci.Plato@yopmail.com,Darci.Plato@gmail.com,firefighter
114,Asia,Emanuel,Asia.Emanuel@yopmail.com,Asia.Emanuel@gmail.com,worker
115,Alisha,Gherardo,Alisha.Gherardo@yopmail.com,Alisha.Gherardo@gmail.com,worker
116,Ninnetta,Latini,Ninnetta.Latini@yopmail.com,Ninnetta.Latini@gmail.com,firefighter
117,Catharine,Lorain,Catharine.Lorain@yopmail.com,Catharine.Lorain@gmail.com,worker
118,Valli,Dreda,Valli.Dreda@yopmail.com,Valli.Dreda@gmail.com,firefighter
119,Demetris,Rosette,Demetris.Rosette@yopmail.com,Demetris.Rosette@gmail.com,worker
120,Sara-Ann,Bearnard,Sara-Ann.Bearnard@yopmail.com,Sara-Ann.Bearnard@gmail.com,firefighter
121,Carlie,Randene,Carlie.Randene@yopmail.com,Carlie.Randene@gmail.com,doctor
122,Shirlee,Gale,Shirlee.Gale@yopmail.com,Shirlee.Gale@gmail.com,doctor
123,Anallese,Durware,Anallese.Durware@yopmail.com,Anallese.Durware@gmail.com,police officer
124,Katuscha,Vale,Katuscha.Vale@yopmail.com,Katuscha.Vale@gmail.com,doctor
125,Sheree,Ruvolo,Sheree.Ruvolo@yopmail.com,Sheree.Ruvolo@gmail.com,worker
126,Roseline,Merriott,Roseline.Merriott@yopmail.com,Roseline.Merriott@gmail.com,worker
127,Monika,Kussell,Monika.Kussell@yopmail.com,Monika.Kussell@gmail.com,worker
128,Mady,Noam,Mady.Noam@yopmail.com,Mady.Noam@gmail.com,firefighter
129,Shauna,Elo,Shauna.Elo@yopmail.com,Shauna.Elo@gmail.com,doctor
130,Atlanta,Anis,Atlanta.Anis@yopmail.com,Atlanta.Anis@gmail.com,police officer
131,Clementine,Konyn,Clementine.Konyn@yopmail.com,Clementine.Konyn@gmail.com,worker
132,Fred,Allina,Fred.Allina@yopmail.com,Fred.Allina@gmail.com,worker
133,Berta,Wildermuth,Berta.Wildermuth@yopmail.com,Berta.Wildermuth@gmail.com,doctor
134,Jan,Tound,Jan.Tound@yopmail.com,Jan.Tound@gmail.com,worker
135,Florie,Ummersen,Florie.Ummersen@yopmail.com,Florie.Ummersen@gmail.com,police officer
136,Ivett,Ambrosia,Ivett.Ambrosia@yopmail.com,Ivett.Ambrosia@gmail.com,worker
137,Di,Tiffa,Di.Tiffa@yopmail.com,Di.Tiffa@gmail.com,developer
138,Vita,Laverne,Vita.Laverne@yopmail.com,Vita.Laverne@gmail.com,developer
139,Barbi,Johnsson,Barbi.Johnsson@yopmail.com,Barbi.Johnsson@gmail.com,doctor
140,Anallese,Engdahl,Anallese.Engdahl@yopmail.com,Anallese.Engdahl@gmail.com,worker
141,Caritta,Kannry,Caritta.Kannry@yopmail.com,Caritta.Kannry@gmail.com,firefighter
142,Nollie,Dituri,Nollie.Dituri@yopmail.com,Nollie.Dituri@gmail.com,developer
143,Celisse,Naashom,Celisse.Naashom@yopmail.com,Celisse.Naashom@gmail.com,developer
144,Nessie,Morehouse,Nessie.Morehouse@yopmail.com,Nessie.Morehouse@gmail.com,police officer
145,Modestia,Beebe,Modestia.Beebe@yopmail.com,Modestia.Beebe@gmail.com,developer
146,Fina,Hessler,Fina.Hessler@yopmail.com,Fina.Hessler@gmail.com,firefighter
147,Valera,Gower,Valera.Gower@yopmail.com,Valera.Gower@gmail.com,doctor
148,Alleen,Chesna,Alleen.Chesna@yopmail.com,Alleen.Chesna@gmail.com,police officer
149,Ricky,Kylander,Ricky.Kylander@yopmail.com,Ricky.Kylander@gmail.com,police officer
150,Tressa,Idelia,Tressa.Idelia@yopmail.com,Tressa.Idelia@gmail.com,doctor
151,Sallie,Halla,Sallie.Halla@yopmail.com,Sallie.Halla@gmail.com,worker
152,Karolina,Leary,Karolina.Leary@yopmail.com,Karolina.Leary@gmail.com,firefighter
153,Aaren,An,Aaren.An@yopmail.com,Aaren.An@gmail.com,developer
154,Jenilee,Zuzana,Jenilee.Zuzana@yopmail.com,Jenilee.Zuzana@gmail.com,doctor
155,Sindee,Adamsen,Sindee.Adamsen@yopmail.com,Sindee.Adamsen@gmail.com,doctor
156,Lenna,Shaddock,Lenna.Shaddock@yopmail.com,Lenna.Shaddock@gmail.com,police officer
157,Elena,Glenden,Elena.Glenden@yopmail.com,Elena.Glenden@gmail.com,police officer
158,Sharai,Cadmar,Sharai.Cadmar@yopmail.com,Sharai.Cadmar@gmail.com,doctor
159,Gusty,Maiah,Gusty.Maiah@yopmail.com,Gusty.Maiah@gmail.com,police officer
160,Sam,Barrus,Sam.Barrus@yopmail.com,Sam.Barrus@gmail.com,developer
161,Sarette,Joseph,Sarette.Joseph@yopmail.com,Sarette.Joseph@gmail.com,firefighter
162,Diena,Kauppi,Diena.Kauppi@yopmail.com,Diena.Kauppi@gmail.com,worker
163,Elmira,Vastah,Elmira.Vastah@yopmail.com,Elmira.Vastah@gmail.com,firefighter
164,Latisha,Alcott,Latisha.Alcott@yopmail.com,Latisha.Alcott@gmail.com,worker
165,Demetris,Zaslow,Demetris.Zaslow@yopmail.com,Demetris.Zaslow@gmail.com,doctor
166,Darlleen,Rozanna,Darlleen.Rozanna@yopmail.com,Darlleen.Rozanna@gmail.com,worker
167,Clo,Ferino,Clo.Ferino@yopmail.com,Clo.Ferino@gmail.com,worker
168,Ilse,Sammons,Ilse.Sammons@yopmail.com,Ilse.Sammons@gmail.com,worker
169,Flo,Jobi,Flo.Jobi@yopmail.com,Flo.Jobi@gmail.com,firefighter
170,Valera,Grosz,Valera.Grosz@yopmail.com,Valera.Grosz@gmail.com,doctor
171,Anthia,Schonfeld,Anthia.Schonfeld@yopmail.com,Anthia.Schonfeld@gmail.com,developer
172,Tarra,Eachern,Tarra.Eachern@yopmail.com,Tarra.Eachern@gmail.com,doctor
173,Chickie,Audly,Chickie.Audly@yopmail.com,Chickie.Audly@gmail.com,worker
174,Chickie,Mintz,Chickie.Mintz@yopmail.com,Chickie.Mintz@gmail.com,police officer
175,Zsa Zsa,Toni,Zsa Zsa.Toni@yopmail.com,Zsa Zsa.Toni@gmail.com,worker
176,Frank,Myrilla,Frank.Myrilla@yopmail.com,Frank.Myrilla@gmail.com,doctor
177,Adore,Brodench,Adore.Brodench@yopmail.com,Adore.Brodench@gmail.com,firefighter
178,Carol-Jean,Rudolph,Carol-Jean.Rudolph@yopmail.com,Carol-Jean.Rudolph@gmail.com,worker
179,Jordan,Anyah,Jordan.Anyah@yopmail.com,Jordan.Anyah@gmail.com,firefighter
180,Jany,Philipp,Jany.Philipp@yopmail.com,Jany.Philipp@gmail.com,worker
181,Jenilee,Jefferey,Jenilee.Jefferey@yopmail.com,Jenilee.Jefferey@gmail.com,developer
182,Hildegaard,Silvan,Hildegaard.Silvan@yopmail.com,Hildegaard.Silvan@gmail.com,police officer
183,Corry,Callista,Corry.Callista@yopmail.com,Corry.Callista@gmail.com,developer
184,Clementine,Gusella,Clementine.Gusella@yopmail.com,Clementine.Gusella@gmail.com,developer
185,Brana,Lamoree,Brana.Lamoree@yopmail.com,Brana.Lamoree@gmail.com,firefighter
186,Cindelyn,Meter,Cindelyn.Meter@yopmail.com,Cindelyn.Meter@gmail.com,firefighter
187,Alisha,Valerio,Alisha.Valerio@yopmail.com,Alisha.Valerio@gmail.com,developer
188,Daune,Mitzi,Daune.Mitzi@yopmail.com,Daune.Mitzi@gmail.com,developer
189,Sarette,Fontana,Sarette.Fontana@yopmail.com,Sarette.Fontana@gmail.com,police officer
190,Tressa,Aaberg,Tressa.Aaberg@yopmail.com,Tressa.Aaberg@gmail.com,worker
191,Karolina,Alarise,Karolina.Alarise@yopmail.com,Karolina.Alarise@gmail.com,worker
192,Aurelie,Thornburg,Aurelie.Thornburg@yopmail.com,Aurelie.Thornburg@gmail.com,developer
193,Micheline,Bronk,Micheline.Bronk@yopmail.com,Micheline.Bronk@gmail.com,police officer
194,Christian,Allina,Christian.Allina@yopmail.com,Christian.Allina@gmail.com,doctor
195,Tracey,Delp,Tracey.Delp@yopmail.com,Tracey.Delp@gmail.com,doctor
196,Dyann,Sprage,Dyann.Sprage@yopmail.com,Dyann.Sprage@gmail.com,developer
197,Shell,Clie,Shell.Clie@yopmail.com,Shell.Clie@gmail.com,doctor
198,Valli,Lenny,Valli.Lenny@yopmail.com,Valli.Lenny@gmail.com,police officer
199,Mariann,Dyche,Mariann.Dyche@yopmail.com,Mariann.Dyche@gmail.com,police officer
200,Ernesta,Martsen,Ernesta.Martsen@yopmail.com,Ernesta.Martsen@gmail.com,firefighter
201,Winny,Alejoa,Winny.Alejoa@yopmail.com,Winny.Alejoa@gmail.com,police officer
202,Tybie,Lowry,Tybie.Lowry@yopmail.com,Tybie.Lowry@gmail.com,doctor
203,Clo,Zaslow,Clo.Zaslow@yopmail.com,Clo.Zaslow@gmail.com,firefighter
204,Josephine,Alwin,Josephine.Alwin@yopmail.com,Josephine.Alwin@gmail.com,firefighter
205,Sheree,Nelsen,Sheree.Nelsen@yopmail.com,Sheree.Nelsen@gmail.com,doctor
206,Britni,Taam,Britni.Taam@yopmail.com,Britni.Taam@gmail.com,doctor
207,Lilith,Chesna,Lilith.Chesna@yopmail.com,Lilith.Chesna@gmail.com,worker
208,Kassey,Pond,Kassey.Pond@yopmail.com,Kassey.Pond@gmail.com,doctor
209,Doro,Raama,Doro.Raama@yopmail.com,Doro.Raama@gmail.com,firefighter
210,Karly,Ulphia,Karly.Ulphia@yopmail.com,Karly.Ulphia@gmail.com,doctor
211,Aaren,Joachim,Aaren.Joachim@yopmail.com,Aaren.Joachim@gmail.com,doctor
212,Selma,Mullane,Selma.Mullane@yopmail.com,Selma.Mullane@gmail.com,firefighter
213,Hayley,Seligman,Hayley.Seligman@yopmail.com,Hayley.Seligman@gmail.com,developer
214,Cordi,Ciapas,Cordi.Ciapas@yopmail.com,Cordi.Ciapas@gmail.com,developer
215,Donnie,Brittani,Donnie.Brittani@yopmail.com,Donnie.Brittani@gmail.com,doctor
216,Clarice,Jacqui,Clarice.Jacqui@yopmail.com,Clarice.Jacqui@gmail.com,police officer
217,Kellen,Artie,Kellen.Artie@yopmail.com,Kellen.Artie@gmail.com,doctor
218,Jemie,Ader,Jemie.Ader@yopmail.com,Jemie.Ader@gmail.com,firefighter
219,Fanny,Suk,Fanny.Suk@yopmail.com,Fanny.Suk@gmail.com,firefighter
220,Jasmina,Barrus,Jasmina.Barrus@yopmail.com,Jasmina.Barrus@gmail.com,doctor
221,Carlie,Berard,Carlie.Berard@yopmail.com,Carlie.Berard@gmail.com,worker
222,Heida,Freddi,Heida.Freddi@yopmail.com,Heida.Freddi@gmail.com,doctor
223,Ninnetta,Mehalek,Ninnetta.Mehalek@yopmail.com,Ninnetta.Mehalek@gmail.com,firefighter
224,Lacie,Hanleigh,Lacie.Hanleigh@yopmail.com,Lacie.Hanleigh@gmail.com,firefighter
225,Iseabal,Rodmann,Iseabal.Rodmann@yopmail.com,Iseabal.Rodmann@gmail.com,police officer
226,Rosene,Pulsifer,Rosene.Pulsifer@yopmail.com,Rosene.Pulsifer@gmail.com,firefighter
227,Caritta,Aaberg,Caritta.Aaberg@yopmail.com,Caritta.Aaberg@gmail.com,police officer
228,Mara,Eugenia,Mara.Eugenia@yopmail.com,Mara.Eugenia@gmail.com,police officer
229,Helsa,Felizio,Helsa.Felizio@yopmail.com,Helsa.Felizio@gmail.com,doctor
230,Lila,Merell,Lila.Merell@yopmail.com,Lila.Merell@gmail.com,developer
231,Joleen,Toffic,Joleen.Toffic@yopmail.com,Joleen.Toffic@gmail.com,firefighter
232,Doralynne,Chem,Doralynne.Chem@yopmail.com,Doralynne.Chem@gmail.com,developer
233,Basia,Parette,Basia.Parette@yopmail.com,Basia.Parette@gmail.com,worker
234,Vonny,Podvin,Vonny.Podvin@yopmail.com,Vonny.Podvin@gmail.com,police officer
235,Layla,Eno,Layla.Eno@yopmail.com,Layla.Eno@gmail.com,police officer
236,Heddie,Holtz,Heddie.Holtz@yopmail.com,Heddie.Holtz@gmail.com,worker
237,Clo,Adamsen,Clo.Adamsen@yopmail.com,Clo.Adamsen@gmail.com,firefighter
238,Aaren,Truc,Aaren.Truc@yopmail.com,Aaren.Truc@gmail.com,doctor
239,Jaclyn,Wareing,Jaclyn.Wareing@yopmail.com,Jaclyn.Wareing@gmail.com,developer
240,Ardenia,Hamil,Ardenia.Hamil@yopmail.com,Ardenia.Hamil@gmail.com,firefighter
241,Almeta,Georas,Almeta.Georas@yopmail.com,Almeta.Georas@gmail.com,doctor
242,Valeda,Gamaliel,Valeda.Gamaliel@yopmail.com,Valeda.Gamaliel@gmail.com,police officer
243,Peri,Naor,Peri.Naor@yopmail.com,Peri.Naor@gmail.com,doctor
244,Netty,Tamsky,Netty.Tamsky@yopmail.com,Netty.Tamsky@gmail.com,doctor
245,Cam,Rossner,Cam.Rossner@yopmail.com,Cam.Rossner@gmail.com,worker
246,Meghann,Wu,Meghann.Wu@yopmail.com,Meghann.Wu@gmail.com,police officer
247,Meriel,Birdella,Meriel.Birdella@yopmail.com,Meriel.Birdella@gmail.com,worker
248,Robinia,Lail,Robinia.Lail@yopmail.com,Robinia.Lail@gmail.com,worker
249,Philis,Radu,Philis.Radu@yopmail.com,Philis.Radu@gmail.com,worker
250,Janeczka,Rocray,Janeczka.Rocray@yopmail.com,Janeczka.Rocray@gmail.com,firefighter
251,Belva,Sigfrid,Belva.Sigfrid@yopmail.com,Belva.Sigfrid@gmail.com,doctor
252,Mary,Naashom,Mary.Naashom@yopmail.com,Mary.Naashom@gmail.com,police officer
253,Oona,Salvidor,Oona.Salvidor@yopmail.com,Oona.Salvidor@gmail.com,worker
254,Cherrita,Amasa,Cherrita.Amasa@yopmail.com,Cherrita.Amasa@gmail.com,doctor
255,Hayley,Kevon,Hayley.Kevon@yopmail.com,Hayley.Kevon@gmail.com,developer
256,Eve,Klotz,Eve.Klotz@yopmail.com,Eve.Klotz@gmail.com,firefighter
257,Rochette,Jacqui,Rochette.Jacqui@yopmail.com,Rochette.Jacqui@gmail.com,police officer
258,Alia,Friede,Alia.Friede@yopmail.com,Alia.Friede@gmail.com,firefighter
259,Korrie,Firmin,Korrie.Firmin@yopmail.com,Korrie.Firmin@gmail.com,doctor
260,Wanda,Peg,Wanda.Peg@yopmail.com,Wanda.Peg@gmail.com,worker
261,Juliane,Fabiola,Juliane.Fabiola@yopmail.com,Juliane.Fabiola@gmail.com,firefighter
262,Susan,Winnick,Susan.Winnick@yopmail.com,Susan.Winnick@gmail.com,firefighter
263,Almeta,Vacuva,Almeta.Vacuva@yopmail.com,Almeta.Vacuva@gmail.com,worker
264,Melodie,Vary,Melodie.Vary@yopmail.com,Melodie.Vary@gmail.com,worker
265,Nonnah,Randene,Nonnah.Randene@yopmail.com,Nonnah.Randene@gmail.com,firefighter
266,Melina,Thar,Melina.Thar@yopmail.com,Melina.Thar@gmail.com,worker
267,Fawne,Friede,Fawne.Friede@yopmail.com,Fawne.Friede@gmail.com,worker
268,Lorenza,Torray,Lorenza.Torray@yopmail.com,Lorenza.Torray@gmail.com,developer
269,Linet,Oster,Linet.Oster@yopmail.com,Linet.Oster@gmail.com,doctor
270,Katharina,Sidonius,Katharina.Sidonius@yopmail.com,Katharina.Sidonius@gmail.com,developer
271,Violet,Regan,Violet.Regan@yopmail.com,Violet.Regan@gmail.com,police officer
272,Heida,Bates,Heida.Bates@yopmail.com,Heida.Bates@gmail.com,worker
273,Merle,Borrell,Merle.Borrell@yopmail.com,Merle.Borrell@gmail.com,worker
274,Elora,Lutero,Elora.Lutero@yopmail.com,Elora.Lutero@gmail.com,doctor
275,Tonia,Raychel,Tonia.Raychel@yopmail.com,Tonia.Raychel@gmail.com,developer
276,Jasmina,Llovera,Jasmina.Llovera@yopmail.com,Jasmina.Llovera@gmail.com,worker
277,Nananne,Pattin,Nananne.Pattin@yopmail.com,Nananne.Pattin@gmail.com,firefighter
278,Binny,Linskey,Binny.Linskey@yopmail.com,Binny.Linskey@gmail.com,firefighter
279,Wynne,Ilka,Wynne.Ilka@yopmail.com,Wynne.Ilka@gmail.com,developer
280,Hollie,Wenoa,Hollie.Wenoa@yopmail.com,Hollie.Wenoa@gmail.com,worker
281,Wanda,Vary,Wanda.Vary@yopmail.com,Wanda.Vary@gmail.com,worker
282,Ulrike,Abram,Ulrike.Abram@yopmail.com,Ulrike.Abram@gmail.com,firefighter
283,Raina,Carri,Raina.Carri@yopmail.com,Raina.Carri@gmail.com,worker
284,Alisha,Krystle,Alisha.Krystle@yopmail.com,Alisha.Krystle@gmail.com,developer
285,Britni,Sheng,Britni.Sheng@yopmail.com,Britni.Sheng@gmail.com,doctor
286,Sheree,Orelee,Sheree.Orelee@yopmail.com,Sheree.Orelee@gmail.com,doctor
287,Kimmy,Lemuela,Kimmy.Lemuela@yopmail.com,Kimmy.Lemuela@gmail.com,doctor
288,Joceline,Rudolph,Joceline.Rudolph@yopmail.com,Joceline.Rudolph@gmail.com,developer
289,Berta,Libna,Berta.Libna@yopmail.com,Berta.Libna@gmail.com,worker
290,Evaleen,Skurnik,Evaleen.Skurnik@yopmail.com,Evaleen.Skurnik@gmail.com,police officer
291,Correy,Buckler,Correy.Buckler@yopmail.com,Correy.Buckler@gmail.com,doctor
292,Trudie,Solitta,Trudie.Solitta@yopmail.com,Trudie.Solitta@gmail.com,police officer
293,Ardeen,Allina,Ardeen.Allina@yopmail.com,Ardeen.Allina@gmail.com,police officer
294,Diena,Rosette,Diena.Rosette@yopmail.com,Diena.Rosette@gmail.com,doctor
295,Valeda,Iphlgenia,Valeda.Iphlgenia@yopmail.com,Valeda.Iphlgenia@gmail.com,firefighter
296,Rosaline,Madox,Rosaline.Madox@yopmail.com,Rosaline.Madox@gmail.com,doctor
297,Babita,Fiann,Babita.Fiann@yopmail.com,Babita.Fiann@gmail.com,doctor
298,Robinia,Toni,Robinia.Toni@yopmail.com,Robinia.Toni@gmail.com,firefighter
299,Heida,Schroth,Heida.Schroth@yopmail.com,Heida.Schroth@gmail.com,doctor